연번,자치구명,주유소명,주소,법정동,기존주소법정동
1,용산구,현대오일뱅크(주) 직영소월길주유소,서울특별시 용산구 소월로66 (후암동),후암동,서울특별시 용산구 소월로66 (후암동)후암동
2,용산구,선익상사(주) 동자동주유소,서울특별시 용산구 한강대로 104길 6 (동자동),동자동,서울특별시 용산구 한강대로 104길 6 (동자동)동자동
3,용산구,현대오일뱅크㈜ 직영갈월동주유소,서울특별시 용산구 한강대로 322 (갈월동),갈월동,서울특별시 용산구 한강대로 322 (갈월동)갈월동
4,용산구,서계주유소,서울특별시 용산구 청파로 367 (서계동),서계동,서울특별시 용산구 청파로 367 (서계동)서계동
5,용산구,㈜영원에너지 풍기주유소,서울특별시 용산구 원효로178 (원효로 1동),원효로2가,서울특별시 용산구 원효로178 (원효로 1동)원효로2가
6,용산구,㈜신태성주유소,서울특별시 용산구 원효로 147 (원효로 2동),원효로3가,서울특별시 용산구 원효로 147 (원효로 2동)원효로3가
7,용산구,현대오일뱅크㈜ 직영강변주유소,서울특별시 용산구 원효로 9 (청암동),청암동,서울특별시 용산구 원효로 9 (청암동)청암동
8,용산구,한국석유공업㈜ 한석주유소,서울특별시 용산구 이촌로 164 (이촌동),이촌동,서울특별시 용산구 이촌로 164 (이촌동)이촌동
9,용산구,(주)중앙에너비스 한남지점,서울특별시 용산구 한남대로 21길 4 (한남동),한남동,서울특별시 용산구 한남대로 21길 4 (한남동)한남동
10,용산구,한남제3한강주유소 주식회사,서울특별시 용산구 한남대로 45 (한남동),한남동,서울특별시 용산구 한남대로 45 (한남동)한남동
11,용산구,주식회사 중앙에너비스 에너비스,서울특별시 용산구 한남대로 82 (한남동),한남동,서울특별시 용산구 한남대로 82 (한남동)한남동
12,용산구,현대오일뱅크㈜ 직영한남동주유소,서울특별시 용산구 한남대로 204 (한남동),한남동,서울특별시 용산구 한남대로 204 (한남동)한남동
13,용산구,㈜남경주유소,서울특별시 용산구 녹사평대로 11길 24 (서빙고동),서빙고동,서울특별시 용산구 녹사평대로 11길 24 (서빙고동)서빙고동
14,성동구,금호주유소,서울특별시 성동구 금호로 39(금호동),금호동4가,서울특별시 성동구 금호로 39(금호동)금호동4가
15,성동구,세원주유소,서울특별시 성동구 광나루로 184(성수동),성수동1가,서울특별시 성동구 광나루로 184(성수동)성수동1가
16,성동구,SK에너지㈜ 성수주유소,서울특별시 성동구 뚝섬로 352(성수동),성수동1가,서울특별시 성동구 뚝섬로 352(성수동)성수동1가
17,성동구,KH에너지㈜ 직영 성수만세주유소,서울특별시 성동구 왕십리로 109(성수동),성수동1가,서울특별시 성동구 왕십리로 109(성수동)성수동1가
18,성동구,현대오일뱅크㈜ 직영 효진주유소,서울특별시 성동구 동일로 129(성수동),성수동2가,서울특별시 성동구 동일로 129(성수동)성수동2가
19,성동구,지에스칼텍스㈜ 도루코주유소,서울특별시 성동구 아차산로 180(성수동),성수동2가,서울특별시 성동구 아차산로 180(성수동)성수동2가
20,성동구,협진제유산업㈜ 동일주유소,서울특별시 성동구 광나루로 254(성수동),성수동2가,서울특별시 성동구 광나루로 254(성수동)성수동2가
21,성동구,아이콘주유소,서울특별시 성동구 고산자로 273(도선동),도선동,서울특별시 성동구 고산자로 273(도선동)도선동
22,성동구,㈜ 서울에너지,서울특별시 성동구 천호대로 324(용답동),용답동,서울특별시 성동구 천호대로 324(용답동)용답동
23,성동구,삼우주유소,서울특별시 성동구 천호대로 392(용답동),용답동,서울특별시 성동구 천호대로 392(용답동)용답동
24,성동구,SK에너지㈜ 군자동주유소,서울특별시 성동구 천호대로 446(용답동),용답동,서울특별시 성동구 천호대로 446(용답동)용답동
25,성동구,KLP제2주유소,서울특별시 성동구 동일로 249(송정동),송정동,서울특별시 성동구 동일로 249(송정동)송정동
26,성동구,경진주유소,서울특별시 성동구 고산자로 348(마장동),마장동,서울특별시 성동구 고산자로 348(마장동)마장동
27,성동구,정호주유소,서울특별시 성동구 고산자로 307(마장동),마장동,서울특별시 성동구 고산자로 307(마장동)마장동
28,성동구,현대오일뱅크㈜ 성동셀프주유소,서울특별시 성동구 마장로 311(마장동),마장동,서울특별시 성동구 마장로 311(마장동)마장동
29,성동구,옥수주유소,서울특별시 성동구 독서당로 168(옥수동),옥수동,서울특별시 성동구 독서당로 168(옥수동)옥수동
30,성동구,청계로주유소,서울특별시 성동구 청계천로 454(하왕십리동),하왕십리동,서울특별시 성동구 청계천로 454(하왕십리동)하왕십리동
31,광진구,삼호주유소,서울특별시 광진구 천호대로 809(광장동),광장동,서울특별시 광진구 천호대로 809(광장동)광장동
32,광진구,㈜창원씨더블유,서울특별시 광진구 광나루로 460(화양동),화양동,서울특별시 광진구 광나루로 460(화양동)화양동
33,광진구,지에스칼텍스㈜구의스타주유소,서울특별시 광진구 자양로 103(자양동),자양동,서울특별시 광진구 자양로 103(자양동)자양동
34,광진구,중원주유소(현대오일뱅크㈜직영주유소),서울특별시 광진구 동일로 398(중곡동),중곡동,서울특별시 광진구 동일로 398(중곡동)중곡동
35,광진구,대성산업㈜구의주유소,서울특별시 광진구 광나루로 570(구의동),구의동,서울특별시 광진구 광나루로 570(구의동)구의동
36,광진구,현대오일뱅크㈜직영 장호셀프주유소,서울특별시 광진구 자양로 37(자양동),자양동,서울특별시 광진구 자양로 37(자양동)자양동
37,광진구,용마주유소,서울특별시 광진구 용마산로 68(중곡동),중곡동,서울특별시 광진구 용마산로 68(중곡동)중곡동
38,광진구,㈜장수주유소,서울특별시 광진구 동일로 266(군자동),군자동,서울특별시 광진구 동일로 266(군자동)군자동
39,광진구,자양주유소,서울특별시 광진구 아차산로 298(자양동),자양동,서울특별시 광진구 아차산로 298(자양동)자양동
40,광진구,능동주유소(현대오일뱅크㈜직영주유소),서울특별시 광진구 천호대로 584(능동),능동,서울특별시 광진구 천호대로 584(능동)능동
41,광진구,동서울주유소,서울특별시 광진구 강변역로 10(구의동),구의동,서울특별시 광진구 강변역로 10(구의동)구의동
42,광진구,강평주유소,서울특별시 광진구 아차산로 616(광장동),광장동,서울특별시 광진구 아차산로 616(광장동)광장동
43,광진구,태양주유소,서울특별시 광진구 동일로 345(중곡동),중곡동,서울특별시 광진구 동일로 345(중곡동)중곡동
44,광진구,대원주유소,서울특별시 광진구 용마산로 122(중곡동),중곡동,서울특별시 광진구 용마산로 122(중곡동)중곡동
45,광진구,중곡현대주유소(현대오일뱅크㈜직영주유소),서울특별시 광진구 동일로 435(중곡동),중곡동,서울특별시 광진구 동일로 435(중곡동)중곡동
46,광진구,정해네트웍스(주)일진주유소,서울특별시 광진구 동일로 413(중곡동),중곡동,서울특별시 광진구 동일로 413(중곡동)중곡동
47,동대문구,㈜안국에너지 삼원주유소,서울특별시 동대문구 망우로 90(휘경동),휘경동,서울특별시 동대문구 망우로 90(휘경동)휘경동
48,동대문구,현대오일뱅크㈜ 직영 스피드 주유소 ,서울특별시 동대문구 천호대로 453(장안동),장안동,서울특별시 동대문구 천호대로 453(장안동)장안동
49,동대문구,㈜경동주유소 ,서울특별시 동대문구 이문로 191(이문동),이문동,서울특별시 동대문구 이문로 191(이문동)이문동
50,동대문구,삼미상사㈜ 장안킹셀프주유소 ,서울특별시 동대문구 한천로 100(장안동),장안동,서울특별시 동대문구 한천로 100(장안동)장안동
51,동대문구,㈜재건에너지 재정제2주유소 ,서울특별시 동대문구 사가정로 90(전농동),전농동,서울특별시 동대문구 사가정로 90(전농동)전농동
52,동대문구,열린주유소,서울특별시 동대문구 한천로 263(휘경동),휘경동,서울특별시 동대문구 한천로 263(휘경동)휘경동
53,동대문구,삼영주유소 ,서울특별시 동대문구 답십리로 258(장안동),장안동,서울특별시 동대문구 답십리로 258(장안동)장안동
54,동대문구,동서울고속주유소,서울특별시 동대문구 한천로 414(이문동),이문동,서울특별시 동대문구 한천로 414(이문동)이문동
55,동대문구,㈜자연에너지 국민주유소 ,서울특별시 동대문구 답십리로 223(답십리동),답십리동,서울특별시 동대문구 답십리로 223(답십리동)답십리동
56,동대문구,배봉로주유소,서울특별시 동대문구 서울특별시립대로 108(전농동),전농동,서울특별시 동대문구 서울특별시립대로 108(전농동)전농동
57,동대문구,한영주유소 ,서울특별시 동대문구 망우로 38(휘경동),휘경동,서울특별시 동대문구 망우로 38(휘경동)휘경동
58,동대문구,오동나무주유소,서울특별시 동대문구 한천로 81(답십리동),답십리동,서울특별시 동대문구 한천로 81(답십리동)답십리동
59,동대문구,동일석유㈜강남주유소,서울특별시 동대문구 사가정로 130(전농동),전농동,서울특별시 동대문구 사가정로 130(전농동)전농동
60,동대문구,㈜파랑에너지,서울특별시 동대문구 망우로 126(휘경동),휘경동,서울특별시 동대문구 망우로 126(휘경동)휘경동
61,동대문구,대성산업㈜청량리주유소,서울특별시 동대문구 왕산로 289(청량리동),청량리동,서울특별시 동대문구 왕산로 289(청량리동)청량리동
62,동대문구,㈜홍릉주유소,서울특별시 동대문구 홍릉로 87(청량리동),청량리동,서울특별시 동대문구 홍릉로 87(청량리동)청량리동
63,동대문구,재정주유소 ,서울특별시 동대문구 전농로 121(전농동),전농동,서울특별시 동대문구 전농로 121(전농동)전농동
64,동대문구,풍한주유소 ,서울특별시 동대문구 안암로 168(제기동),제기동,서울특별시 동대문구 안암로 168(제기동)제기동
65,동대문구,대성산업㈜동마장 주유소,서울특별시 동대문구 고산자로 405(용두동),용두동,서울특별시 동대문구 고산자로 405(용두동)용두동
66,성북구,동일주유소,서울특별시 성북구 보문로 85 (보문동),보문동5가,서울특별시 성북구 보문로 85 (보문동)보문동5가
67,성북구,현대오일뱅크(주)직영 아리랑주유소,서울특별시 성북구 아리랑로 96 (정릉동),정릉동,서울특별시 성북구 아리랑로 96 (정릉동)정릉동
68,성북구,장위주유소,서울특별시 성북구 화랑로 110 (하월곡동),하월곡동,서울특별시 성북구 화랑로 110 (하월곡동)하월곡동
69,성북구,지에스칼텍스(주) 세창주유소,서울특별시 성북구 동소문로 323 (길음동),길음동,서울특별시 성북구 동소문로 323 (길음동)길음동
70,성북구,지에스칼텍스(주) 종암주유소,서울특별시 성북구 종암로 145 (종암동),종암동,서울특별시 성북구 종암로 145 (종암동)종암동
71,성북구,현대오일뱅크(주)직영 광덕셀프주유소,서울특별시 성북구 보문로 89 (보문동),보문동4가,서울특별시 성북구 보문로 89 (보문동)보문동4가
72,성북구,(주)중앙에너비스 종암지점,서울특별시 성북구 종암로 58 (종암동),종암동,서울특별시 성북구 종암로 58 (종암동)종암동
73,성북구,현대오일뱅크(주)직영고대셀프주유소,서울특별시 성북구 종암로 12 (종암동),종암동,서울특별시 성북구 종암로 12 (종암동)종암동
74,성북구,㈜이케이에너지(주) 강산제2주유소,서울특별시 성북구 보국문로 52 (정릉동),정릉동,서울특별시 성북구 보국문로 52 (정릉동)정릉동
75,성북구,㈜삼표에너지 정릉주유소,서울특별시 성북구 보국문로 35 (정릉동),정릉동,서울특별시 성북구 보국문로 35 (정릉동)정릉동
76,성북구,SK에너지(주)드림랜드주유소,서울특별시 성북구 월계로 128 (장위동),장위동,서울특별시 성북구 월계로 128 (장위동)장위동
77,성북구,지에스칼텍스(주)화랑주유소,서울특별시 성북구 화랑로 185 (상월곡동),상월곡동,서울특별시 성북구 화랑로 185 (상월곡동)상월곡동
78,성북구,㈜오만불 신동방주유소,서울특별시 성북구 월계로 84 (장위동),장위동,서울특별시 성북구 월계로 84 (장위동)장위동
79,성북구,원천주유소,서울특별시 성북구 돌곶이로 142 (장위동),장위동,서울특별시 성북구 돌곶이로 142 (장위동)장위동
80,성북구,삼선주유소,서울특별시 성북구 창경궁로 324 (삼선동),삼선동,서울특별시 성북구 창경궁로 324 (삼선동)삼선동
81,성북구,㈜재건에너지재정제2주유소(길음지점),서울특별시 성북구 삼양로 78 (길음동),길음동,서울특별시 성북구 삼양로 78 (길음동)길음동
82,성북구,신방주유소,서울특별시 성북구 안암로 111 (안암동),안암동,서울특별시 성북구 안암로 111 (안암동)안암동
83,성북구,우리주유소,서울특별시 성북구 화랑로 292 (석관동),석관동,서울특별시 성북구 화랑로 292 (석관동)석관동
84,성북구,현대오일뱅크(주)직영 장삼주유소,"서울특별시 성북구 한천로 612, 화랑로 293 (장위동)",장위동,"서울특별시 성북구 한천로 612, 화랑로 293 (장위동)장위동"
85,성북구,이케이에너지 주식회사,서울특별시 성북구 보문로 27 (보문동),보문동7가,서울특별시 성북구 보문로 27 (보문동)보문동7가
86,성북구,(주)성북주유소,서울특별시 성북구 보문로 142 (보문동),보문동1가,서울특별시 성북구 보문로 142 (보문동)보문동1가
87,성북구,㈜신용구도일주유소 화랑로,서울특별시 성북구 화랑로 174 (상월곡동),상월곡동,서울특별시 성북구 화랑로 174 (상월곡동)상월곡동
88,성북구,현대오일뱅크(주)직영 북악셀프주유소,서울특별시 성북구 정릉로 218 (정릉동),정릉동,서울특별시 성북구 정릉로 218 (정릉동)정릉동
89,성북구,㈜명연에너지 효성주유소,서울특별시 성북구 화랑로 27 (하월곡동),하월곡동,서울특별시 성북구 화랑로 27 (하월곡동)하월곡동
90,강북구,수유동주유소,서울특별시 강북구 도봉로 395 (수유동),수유동,서울특별시 강북구 도봉로 395 (수유동)수유동
91,강북구,신광주유소,서울특별시 강북구 삼양로 484 (수유동),수유동,서울특별시 강북구 삼양로 484 (수유동)수유동
92,강북구,북서울고속주유소,서울특별시 강북구 삼양로 410 (수유동),수유동,서울특별시 강북구 삼양로 410 (수유동)수유동
93,강북구,㈜석산에너지,서울특별시 강북구 삼양로 316 (수유동),수유동,서울특별시 강북구 삼양로 316 (수유동)수유동
94,강북구,SK에너지㈜ 매일주유소,서울특별시 강북구 삼양로 217 (미아동),미아동,서울특별시 강북구 삼양로 217 (미아동)미아동
95,강북구,현대오일뱅크㈜직영 새한셀프주유소,서울특별시 강북구 도봉로 75 (미아동),미아동,서울특별시 강북구 도봉로 75 (미아동)미아동
96,강북구,㈜지에스이엔알 미아주유소,서울특별시 강북구 도봉로 124 (미아동),미아동,서울특별시 강북구 도봉로 124 (미아동)미아동
97,강북구,씨앤에스에너지㈜ 미아셀프주유소,서울특별시 강북구 도봉로 200 (미아동),미아동,서울특별시 강북구 도봉로 200 (미아동)미아동
98,강북구,㈜서울에너지 시민주유소,서울특별시 강북구 인수봉로 185 (수유동),수유동,서울특별시 강북구 인수봉로 185 (수유동)수유동
99,강북구,㈜미래아스팔트 덕릉로주유소,서울특별시 강북구 덕릉로 158 (번동),번동,서울특별시 강북구 덕릉로 158 (번동)번동
100,강북구,현대오일뱅크㈜ 번동셀프주유소,서울특별시 강북구 한천로 963 (번동),번동,서울특별시 강북구 한천로 963 (번동)번동
101,강북구,세원주유소,서울특별시 강북구 한천로 918 (번동),번동,서울특별시 강북구 한천로 918 (번동)번동
102,강북구,에덴주유소,서울특별시 강북구 월계로 195 (번동),번동,서울특별시 강북구 월계로 195 (번동)번동
103,은평구,(주)명연에너지 수색훼미리주유소,서울특별시 은평구 수색로236 (수색동),수색동,서울특별시 은평구 수색로236 (수색동)수색동
104,은평구,뉴타운 셀프주유소,서울특별시 은평구 통일로1031 (진관동),진관동,서울특별시 은평구 통일로1031 (진관동)진관동
105,은평구,다회주유소,서울특별시 은평구 증산로441 (신사동),신사동,서울특별시 은평구 증산로441 (신사동)신사동
106,은평구,대성산업(주)대성주유소,서울특별시 은평구 통일로642 (녹번동),녹번동,서울특별시 은평구 통일로642 (녹번동)녹번동
107,은평구,불광주유소,서울특별시 은평구 연서로314 (불광동),불광동,서울특별시 은평구 연서로314 (불광동)불광동
108,은평구,서울석유(주) 박석고개주유소,서울특별시 은평구 통일로945 (갈현동),갈현동,서울특별시 은평구 통일로945 (갈현동)갈현동
109,은평구,서울석유(주) 은평뉴타운주유소,서울특별시 은평구 통일로924 (불광동),불광동,서울특별시 은평구 통일로924 (불광동)불광동
110,은평구,성원이앤에스(주)은평지점,서울특별시 은평구 통일로968 (진관동),진관동,서울특별시 은평구 통일로968 (진관동)진관동
111,은평구,제이제이에너지,서울특별시 은평구 응암로163 (응암동),응암동,서울특별시 은평구 응암로163 (응암동)응암동
112,은평구,지에스칼텍스(주) 녹번주유소,서울특별시 은평구 통일로600 (녹번동),녹번동,서울특별시 은평구 통일로600 (녹번동)녹번동
113,은평구,지에스칼텍스(주) 서부주유소,서울특별시 은평구 응암로210 (응암동),응암동,서울특별시 은평구 응암로210 (응암동)응암동
114,은평구,지에스칼텍스(주) 수색뉴타운 주유소,서울특별시 은평구 수색로350 (수색동),수색동,서울특별시 은평구 수색로350 (수색동)수색동
115,은평구,지에스칼텍스(주)신사제일주유소,서울특별시 은평구 증산로423 (신사동),신사동,서울특별시 은평구 증산로423 (신사동)신사동
116,은평구,코끼리주유소,서울특별시 은평구 서오릉로41 (녹번동),녹번동,서울특별시 은평구 서오릉로41 (녹번동)녹번동
117,은평구,타이거주유소,서울특별시 은평구 수색로188 (증산동),증산동,서울특별시 은평구 수색로188 (증산동)증산동
118,은평구,현대오일뱅크㈜직영 은평드림주유소,서울특별시 은평구 통일로1151 (진관동),진관동,서울특별시 은평구 통일로1151 (진관동)진관동
119,은평구,삼융주유소,서울특별시 은평구 수색로 299 (수색동),수색동,서울특별시 은평구 수색로 299 (수색동)수색동
120,서대문구,행촌제2주유소,서울특별시 서대문구 성산로 490(대신동),대신동,서울특별시 서대문구 성산로 490(대신동)대신동
121,서대문구,㈜중앙에너비스 동교지점,서울특별시 연희로 12(창천동),창천동,서울특별시 연희로 12(창천동)창천동
122,서대문구,㈜안국에너지 삼보주유소,서울특별시 연희로 78(연희동),연희동,서울특별시 연희로 78(연희동)연희동
123,서대문구,구도일주유소 두꺼비,서울특별시 성산로 312(연희동),연희동,서울특별시 성산로 312(연희동)연희동
124,서대문구,sk삼미상사(주)서부주유소,서울특별시 성산로 255(연희동),연희동,서울특별시 성산로 255(연희동)연희동
125,서대문구,현대오일뱅크(주) 직영 연세주유소,서울특별시 연희로 184(연희동),연희동,서울특별시 연희로 184(연희동)연희동
126,서대문구,연희주유소,서울특별시 연희로 129(연희동),연희동,서울특별시 연희로 129(연희동)연희동
127,서대문구,광호주유소,서울특별시 연희로 266(홍은동),홍은동,서울특별시 연희로 266(홍은동)홍은동
128,서대문구,지에스칼텍스(주)홍제동주유소,서울특별시 통일로 372(홍제동),홍제동,서울특별시 통일로 372(홍제동)홍제동
129,서대문구,㈜우남에너지문화사랑주유소,서울특별시 세검정로 87(홍제동),홍제동,서울특별시 세검정로 87(홍제동)홍제동
130,서대문구,남정주유소,서울특별시 모래내로 243(남가좌동) ,남가좌동,서울특별시 모래내로 243(남가좌동) 남가좌동
131,서대문구,㈜가재울뉴타운주유소,서울특별시 모래내로 205(남가좌동),남가좌동,서울특별시 모래내로 205(남가좌동)남가좌동
132,서대문구,㈜창원이엔지 홍제지점,서울특별시 통일로 455(홍제동),홍제동,서울특별시 통일로 455(홍제동)홍제동
133,서대문구,현대오일뱅크(주) 직영 독립문주유소,서울특별시 통일로 384(홍제동),홍제동,서울특별시 통일로 384(홍제동)홍제동
134,서대문구,㈜미래아스팔트 신우주유소,서울특별시 가좌로 106(홍은동),홍은동,서울특별시 가좌로 106(홍은동)홍은동
135,마포구,마포시엠주유소,서울특별시 마포구 월드컵북로 62 (성산동),성산동,서울특별시 마포구 월드컵북로 62 (성산동)성산동
136,마포구,청원주유소,서울특별시 마포구 월드컵북로 113 (성산동),성산동,서울특별시 마포구 월드컵북로 113 (성산동)성산동
137,마포구,주식회사 에스에스 오토,서울특별시 마포구 서강로 76 (창전동),창전동,서울특별시 마포구 서강로 76 (창전동)창전동
138,마포구,(주)블루원에너지 직영 성산대교주유소,서울특별시 마포구 성산로 144 (성산동),성산동,서울특별시 마포구 성산로 144 (성산동)성산동
139,마포구,대흥주유소,서울특별시 마포구 대흥로 61 (대흥동),대흥동,서울특별시 마포구 대흥로 61 (대흥동)대흥동
140,마포구,성산주유소,서울특별시 마포구 월드컵북로 170 (성산동),성산동,서울특별시 마포구 월드컵북로 170 (성산동)성산동
141,마포구,그린에너지컴퍼니 용강주유소,서울특별시 마포구 토정로 258 (용강동),용강동,서울특별시 마포구 토정로 258 (용강동)용강동
142,마포구,마포주유소,서울특별시 마포구 마포대로 186 (공덕동),공덕동,서울특별시 마포구 마포대로 186 (공덕동)공덕동
143,마포구,(주)안국에너지 망원동주유소,서울특별시 마포구 월드컵로 119 (망원동),망원동,서울특별시 마포구 월드컵로 119 (망원동)망원동
144,마포구,에스케이에너지 주식회사 안국주유소,서울특별시 마포구 양화로 33 (합정동),합정동,서울특별시 마포구 양화로 33 (합정동)합정동
145,마포구,에쓰-오일(주) 염리동 주유소,서울특별시 마포구 백범로 126 (염리동),염리동,서울특별시 마포구 백범로 126 (염리동)염리동
146,마포구,에스케이에너지(주) 양지주유소,서울특별시 마포구 마포대로 69 (도화동),도화동,서울특별시 마포구 마포대로 69 (도화동)도화동
147,양천구,지에스칼텍스㈜ 서호주유소,서울특별시 양천구 남부순환로 317(신월동),신월동,서울특별시 양천구 남부순환로 317(신월동)신월동
148,양천구,에이치지 가로공원주유소,서울특별시 양천구 가로공원로 165(신월동),신월동,서울특별시 양천구 가로공원로 165(신월동)신월동
149,양천구,현대주유소,서울특별시 양천구 남부순환로 372(신월동),신월동,서울특별시 양천구 남부순환로 372(신월동)신월동
150,양천구,동일석유㈜ 개나리주유소,서울특별시 양천구 남부순환로 442(신월동),신월동,서울특별시 양천구 남부순환로 442(신월동)신월동
151,양천구,신양주유소,서울특별시 양천구 지양로 67(신월동),신월동,서울특별시 양천구 지양로 67(신월동)신월동
152,양천구,현대오일뱅크㈜직영 남부순환셀프주유소,서울특별시 양천구 남부순환로 553(신월동),신월동,서울특별시 양천구 남부순환로 553(신월동)신월동
153,양천구,㈜진우에너지 신월점,서울특별시 양천구 신월로 193(신월동),신월동,서울특별시 양천구 신월로 193(신월동)신월동
154,양천구,삼미상사㈜신월IC셀프주유소,서울특별시 양천구 중앙로 331(신월동),신월동,서울특별시 양천구 중앙로 331(신월동)신월동
155,양천구,(주)서부티엔디,서울특별시 양천구 신정로 167(신정동),신정동,서울특별시 양천구 신정로 167(신정동)신정동
156,양천구,(주)지애스이앤알서울주유소,서울특별시 양천구 신정로 236(신정동),신정동,서울특별시 양천구 신정로 236(신정동)신정동
157,양천구,SK에너지㈜경인주유소,서울특별시 양천구 국회대로 170(신정동),신정동,서울특별시 양천구 국회대로 170(신정동)신정동
158,양천구,양정주유소,서울특별시 양천구 국회대로 158(신정동),신정동,서울특별시 양천구 국회대로 158(신정동)신정동
159,양천구,㈜타이거오일 신정주유소,서울특별시 양천구 중앙로 226(신정동),신정동,서울특별시 양천구 중앙로 226(신정동)신정동
160,양천구,SK에너지(주)신평주유소,서울특별시 양천구 목동남로 62(신정동),신정동,서울특별시 양천구 목동남로 62(신정동)신정동
161,양천구,현대오일뱅크㈜직영 양천셀프주유소,서울특별시 양천구 목동로 17(신정동),신정동,서울특별시 양천구 목동로 17(신정동)신정동
162,양천구,㈜부흥에너지 평화주유소,서울특별시 양천구 안양천로 657(신정동),신정동,서울특별시 양천구 안양천로 657(신정동)신정동
163,양천구,신정동주유소,서울특별시 양천구 안양천로 663(신정동),신정동,서울특별시 양천구 안양천로 663(신정동)신정동
164,양천구,현대오일뱅크㈜직영 신목동셀프주유소,서울특별시 양천구 목동동로10길 13(신정동),신정동,서울특별시 양천구 목동동로10길 13(신정동)신정동
165,양천구,㈜삼표에너지 목동주유소,서울특별시 양천구 목동서로 129(목동),목동,서울특별시 양천구 목동서로 129(목동)목동
166,양천구,양천구주유소,서울특별시 양천구 국회대로 275(목동),목동,서울특별시 양천구 국회대로 275(목동)목동
167,양천구,목동주유소,서울특별시 양천구 목동중앙로 125(목동),목동,서울특별시 양천구 목동중앙로 125(목동)목동
168,양천구,현대오일뱅크㈜직영목동셀프주유소(구) ,서울특별시 양천구 공항대로 648(목동),목동,서울특별시 양천구 공항대로 648(목동)목동
169,양천구,현대오일뱅크㈜직영 양천현대셀프주유소,서울특별시 양천구 안양천로 1179(목동),목동,서울특별시 양천구 안양천로 1179(목동)목동
170,양천구,지에스칼텍스(주)건지주유소,서울특별시 양천구 안양천로 1171(목동),목동,서울특별시 양천구 안양천로 1171(목동)목동
171,양천구,형산석유㈜ 원주유소,서울특별시 양천구 남부순환로 408(신월동),신월동,서울특별시 양천구 남부순환로 408(신월동)신월동
172,강서구,개화주유소,서울특별시 강서구 양천로 57(방화동),방화동,서울특별시 강서구 양천로 57(방화동)방화동
173,강서구,대성석유㈜관문주유소,서울특별시 강서구 공항대로 314(우장산동),우장산동,서울특별시 강서구 공항대로 314(우장산동)우장산동
174,강서구,방화주유소,서울특별시 강서구 방화동로 58-2(방화1동 609-59),방화동,서울특별시 강서구 방화동로 58-2(방화1동 609-59)방화동
175,강서구,하이웨이주유소,서울특별시 강서구 공항대로 432(화곡6동 1125),화곡동,서울특별시 강서구 공항대로 432(화곡6동 1125)화곡동
176,강서구,현대오일뱅크㈜직영강서제일셀프주유소,서울특별시 강서구 화곡로 273(화곡6동 983-1),화곡동,서울특별시 강서구 화곡로 273(화곡6동 983-1)화곡동
177,강서구,현대오일뱅크(주)직영양화교주유소,서울특별시 강서구 공항대로 653(염창동 283-4),염창동,서울특별시 강서구 공항대로 653(염창동 283-4)염창동
178,강서구,현대오일뱅크(주)직영가양주유소,서울특별시 강서구 양천로 391(가양1동 58-2),가양동,서울특별시 강서구 양천로 391(가양1동 58-2)가양동
179,강서구,㈜유턴상사유턴주유소,서울특별시 강서구 남부순환로 57(공항동 61-222),공항동,서울특별시 강서구 남부순환로 57(공항동 61-222)공항동
180,강서구,경인고속주유소,서울특별시 강서구 국회대로 225(화곡4동 843-4),화곡동,서울특별시 강서구 국회대로 225(화곡4동 843-4)화곡동
181,강서구,박물관주유소,서울특별시 강서구 양천로 53길 97(가양1동 26-1),가양동,서울특별시 강서구 양천로 53길 97(가양1동 26-1)가양동
182,강서구,등촌주유소,서울특별시 강서구 등촌로 189(등촌2동 511-5),등촌동,서울특별시 강서구 등촌로 189(등촌2동 511-5)등촌동
183,강서구,신화곡주유소,서울특별시 강서구 국회대로 71(화곡1동 931-11),화곡동,서울특별시 강서구 국회대로 71(화곡1동 931-11)화곡동
184,강서구,뉴신정주유소,서울특별시 강서구 곰달래로 207( 화곡2동 862-16),화곡동,서울특별시 강서구 곰달래로 207( 화곡2동 862-16)화곡동
185,강서구,세원제1주유소,서울특별시 강서구 양천로 311(가양1동 272-31),가양동,서울특별시 강서구 양천로 311(가양1동 272-31)가양동
186,강서구,염창동주유소,서울특별시 강서구 양천로 720(염창동 263-8),염창동,서울특별시 강서구 양천로 720(염창동 263-8)염창동
187,강서구,목화주유소,서울특별시 강서구 국회대로 251(화곡4동 785-2),화곡동,서울특별시 강서구 국회대로 251(화곡4동 785-2)화곡동
188,강서구,대성주유소,서울특별시 강서구 강서로 472(등촌3동 684),등촌동,서울특별시 강서구 강서로 472(등촌3동 684)등촌동
189,강서구,우장산주유소,서울특별시 강서구 강서로 292(우장산동 702-5),우장산동,서울특별시 강서구 강서로 292(우장산동 702-5)우장산동
190,강서구,청룡주유소,서울특별시 강서구 양천로 576(등촌1동 631-7),등촌동,서울특별시 강서구 양천로 576(등촌1동 631-7)등촌동
191,강서구,강서열린점,서울특별시 강서구 등촌로 213(등촌2동 510-13),등촌동,서울특별시 강서구 등촌로 213(등촌2동 510-13)등촌동
192,강서구,스카이주유소,서울특별시 강서구 개화동로 457(방화2동 523-22),방화동,서울특별시 강서구 개화동로 457(방화2동 523-22)방화동
193,강서구,화곡현대주유소,서울특별시 강서구 강서로 151(화곡1동 402-1),화곡동,서울특별시 강서구 강서로 151(화곡1동 402-1)화곡동
194,강서구,화곡역주유소,서울특별시 강서구 강서로 154(화곡본동 1076-14),화곡동,서울특별시 강서구 강서로 154(화곡본동 1076-14)화곡동
195,강서구,SK에너지㈜가양주유소,서울특별시 강서구 강서로 498(가양1동 151-1),가양동,서울특별시 강서구 강서로 498(가양1동 151-1)가양동
196,강서구,㈜한진김포공항주유소,서울특별시 강서구 하늘길 259(발산1동 423-2),외발산동,서울특별시 강서구 하늘길 259(발산1동 423-2)외발산동
197,강서구,행촌에너지 공항주유소,서울특별시 강서구 개화동로 420 (방화2동 565-4),방화동,서울특별시 강서구 개화동로 420 (방화2동 565-4)방화동
198,강서구,참솔에너지,서울특별시 강서구 벌말로 281 (공항동 699-19),공항동,서울특별시 강서구 벌말로 281 (공항동 699-19)공항동
199,강서구,㈜한진 김포공항 제2주유소,서울특별시 강서구 하늘길 112 (공항동 1373),공항동,서울특별시 강서구 하늘길 112 (공항동 1373)공항동
200,강서구,경동석유㈜강서오곡셀프주유소,서울특별시 강서구 벌말로 254(공항동 594-1),공항동,서울특별시 강서구 벌말로 254(공항동 594-1)공항동
201,강서구,마곡대성주유소,서울특별시 강서로 457(마곡동 784-1),마곡동,서울특별시 강서로 457(마곡동 784-1)마곡동
202,강서구,방화대성주유소,서울특별시 강서구 양천로 176(마곡동 752),마곡동,서울특별시 강서구 양천로 176(마곡동 752)마곡동
203,강서구,KH에너지㈜직영KH외발산주유소,서울특별시 강서구 외발산동 379 외 5번지,외발산동,서울특별시 강서구 외발산동 379 외 5번지외발산동
204,구로구,대성산업(주) 디큐브주유소,서울특별시 구로구 경인로 650(신도림동),신도림동,서울특별시 구로구 경인로 650(신도림동)신도림동
205,구로구,SK구로주유소,서울특별시 구로구 구일로 94(구로동),구로동,서울특별시 구로구 구일로 94(구로동)구로동
206,구로구,구로주유소,서울특별시 구로구 구로동로 137(구로동),구로동,서울특별시 구로구 구로동로 137(구로동)구로동
207,구로구,현대오일뱅크(주)직영 구로셀프주유소,서울특별시 구로구 시흥대로 531(구로동),구로동,서울특별시 구로구 시흥대로 531(구로동)구로동
208,구로구,JHC에너지,서울특별시 구로구 시흥대로 539(구로동),구로동,서울특별시 구로구 시흥대로 539(구로동)구로동
209,구로구,㈜한미석유 구로그린주유소,서울특별시 구로구 구로중앙로 76(구로동),구로동,서울특별시 구로구 구로중앙로 76(구로동)구로동
210,구로구,현대오일뱅크(주)직영 신구로주유소,서울특별시 구로구 가마산로 293(구로동),구로동,서울특별시 구로구 가마산로 293(구로동)구로동
211,구로구,동아주유소,서울특별시 구로구 도림로 91(구로동),구로동,서울특별시 구로구 도림로 91(구로동)구로동
212,구로구,구인주유소,서울특별시 구로구 경인로 558(구로동),구로동,서울특별시 구로구 경인로 558(구로동)구로동
213,구로구,신성주유소,서울특별시 구로구 구로동로 187(구로동),구로동,서울특별시 구로구 구로동로 187(구로동)구로동
214,구로구,영진주유소,서울특별시 구로구 구로동로 20(가리봉동),가리봉동,서울특별시 구로구 구로동로 20(가리봉동)가리봉동
215,구로구,근린공원주유소,서울특별시 구로구 고척로 199(고척동),고척동,서울특별시 구로구 고척로 199(고척동)고척동
216,구로구,㈜개봉오일,서울특별시 구로구 고척로 115(개봉동),개봉동,서울특별시 구로구 고척로 115(개봉동)개봉동
217,구로구,㈜새서울석유 대원주유소,서울특별시 구로구 개봉로 7(개봉동),개봉동,서울특별시 구로구 개봉로 7(개봉동)개봉동
218,구로구,서서울고속주유소,서울특별시 구로구 경인로 150(오류동),오류동,서울특별시 구로구 경인로 150(오류동)오류동
219,구로구,현대오일뱅크㈜직영 신오류주유소 ,서울특별시 구로구 경인로 161(오류동),오류동,서울특별시 구로구 경인로 161(오류동)오류동
220,구로구,처음처럼주유소 ,서울특별시 구로구 오리로 1299(궁동),궁동,서울특별시 구로구 오리로 1299(궁동)궁동
221,구로구,시몬주유소,서울특별시 구로구 부일로 871(온수동),온수동,서울특별시 구로구 부일로 871(온수동)온수동
222,구로구,서울석유(주) 풀페이주유소 ,서울특별시 구로구 경인로 41(온수동),온수동,서울특별시 구로구 경인로 41(온수동)온수동
223,구로구,SK에너지㈜ 개봉동주유소,서울특별시 구로구 경인로 290(개봉동),개봉동,서울특별시 구로구 경인로 290(개봉동)개봉동
224,구로구,극동유화㈜ 항동주유소,서울특별시 구로구 서해안로 2154(항동),항동,서울특별시 구로구 서해안로 2154(항동)항동
225,영등포구,에스제이오일㈜ 여의도주유소,서울특별시 영등포구 은행로 64 (여의도동),여의도동,서울특별시 영등포구 은행로 64 (여의도동)여의도동
226,영등포구,KH에너지㈜ 직영 KH여의도주유소,서울특별시 영등포구 국회대로 794 (여의도동),여의도동,서울특별시 영등포구 국회대로 794 (여의도동)여의도동
227,영등포구,지에스칼텍스㈜국회대로주유소,서울특별시 영등포구 국회대로 746 (여의도동),여의도동,서울특별시 영등포구 국회대로 746 (여의도동)여의도동
228,영등포구,현대오일뱅크㈜직영 영등포현대셀프주유소,서울특별시 영등포구 경인로 822 (영등포동),영등포동,서울특별시 영등포구 경인로 822 (영등포동)영등포동
229,영등포구,성원이앤에스㈜영등포지점,서울특별시 영등포구 국회대로 665 (영등포동7가),영등포동7가,서울특별시 영등포구 국회대로 665 (영등포동7가)영등포동7가
230,영등포구,현대오일뱅크㈜직영 여의도현대주유소,서울특별시 영등포구 의사당대로 154 (여의도동),여의도동,서울특별시 영등포구 의사당대로 154 (여의도동)여의도동
231,영등포구,버드나룻길주유소,서울특별시 영등포구 버드나루로 111 (당산동),당산동,서울특별시 영등포구 버드나루로 111 (당산동)당산동
232,영등포구,현대오일뱅크㈜직영 대일셀프주유소,서울특별시 영등포구 영등포로 168 (당산동1가),당산동1가,서울특별시 영등포구 영등포로 168 (당산동1가)당산동1가
233,영등포구,지에스칼텍스㈜화일주유소,서울특별시 영등포구 도림로 415 (문래동2가),문래동2가,서울특별시 영등포구 도림로 415 (문래동2가)문래동2가
234,영등포구,한일주유소,서울특별시 영등포구 도림로 486 (문래동3가),문래동3가,서울특별시 영등포구 도림로 486 (문래동3가)문래동3가
235,영등포구,㈜지에스이앤알 모드니주유소,서울특별시 영등포구 경인로 789 (문래동3가),문래동3가,서울특별시 영등포구 경인로 789 (문래동3가)문래동3가
236,영등포구,㈜강서오일,서울특별시 영등포구 도신로 151 (도림동),도림동,서울특별시 영등포구 도신로 151 (도림동)도림동
237,영등포구,도림주유소,서울특별시 영등포구 도림로 343 (도림동),도림동,서울특별시 영등포구 도림로 343 (도림동)도림동
238,영등포구,SK에너지㈜양평주유소,서울특별시 영등포구 선유로 195 (양평동3가),양평동3가,서울특별시 영등포구 선유로 195 (양평동3가)양평동3가
239,영등포구,SK에너지㈜ 기린주유소,서울특별시 영등포구 선유로 270 (양평동4가),양평동4가,서울특별시 영등포구 선유로 270 (양평동4가)양평동4가
240,영등포구,㈜한미석유 제2한강주유소,서울특별시 영등포구 선유로 260 (양평동4가),양평동4가,서울특별시 영등포구 선유로 260 (양평동4가)양평동4가
241,영등포구,선유도주유소,서울특별시 영등포구  141 (양평동5가),양평동5가,서울특별시 영등포구  141 (양평동5가)양평동5가
242,영등포구,㈜지에스이앤알 보라주유소,서울특별시 영등포구 영등포로 399 (신길동),신길동,서울특별시 영등포구 영등포로 399 (신길동)신길동
243,영등포구,매봉주유소,서울특별시 영등포구 도신로 248 (신길동),신길동,서울특별시 영등포구 도신로 248 (신길동)신길동
244,영등포구,씨엔에스유통(주)한성주유소,서울특별시 영등포구 여의대방로 227 (신길동),신길동,서울특별시 영등포구 여의대방로 227 (신길동)신길동
245,영등포구,행촌주유소,서울특별시 영등포구 도신로 130 (신길동),신길동,서울특별시 영등포구 도신로 130 (신길동)신길동
246,영등포구,㈜정수에너지개발,서울특별시 영등포구 가마산로 414 (신길동),신길동,서울특별시 영등포구 가마산로 414 (신길동)신길동
247,영등포구,지에스칼텍스㈜신길주유소,서울특별시 영등포구 신길로 74 (신길동),신길동,서울특별시 영등포구 신길로 74 (신길동)신길동
248,영등포구,한경석유㈜경덕주유소,서울특별시 영등포구 여의대방로23길 2 (신길동),신길동,서울특별시 영등포구 여의대방로23길 2 (신길동)신길동
249,영등포구,SK에너지(주)신길동주유소,서울특별시 영등포구 영등포로 348 (신길동),신길동,서울특별시 영등포구 영등포로 348 (신길동)신길동
250,영등포구,㈜엠에스주유소,서울특별시 영등포구 대림로 230 (대림동),대림동,서울특별시 영등포구 대림로 230 (대림동)대림동
251,영등포구,현대오일뱅크㈜직영 영등포제일셀프주유소,서울특별시 영등포구 가마산로 379 (대림동) ,대림동,서울특별시 영등포구 가마산로 379 (대림동) 대림동
252,영등포구,(주)대청에너지,서울특별시 영등포구 가마산로 328 (대림동),대림동,서울특별시 영등포구 가마산로 328 (대림동)대림동
253,영등포구,남서울고속주유소,서울특별시 영등포구 가마산로 367 (대림동),대림동,서울특별시 영등포구 가마산로 367 (대림동)대림동
254,동작구,현대오일뱅크㈜직영신대방셀프주유소,서울특별시 동작구 시흥대로 616(신대방동),신대방동,서울특별시 동작구 시흥대로 616(신대방동)신대방동
255,동작구,현대오일뱅크㈜직영사당셀프주유소,서울특별시 동작구 동작대로 73(사당동),사당동,서울특별시 동작구 동작대로 73(사당동)사당동
256,동작구,대성산업㈜노량진주유소,서울특별시 동작구 노량진로 172(노량진동),노량진동,서울특별시 동작구 노량진로 172(노량진동)노량진동
257,동작구,현대오일뱅크㈜흑석셀프주유소,서울특별시 동작구 현충로 101(흑석동),흑석동,서울특별시 동작구 현충로 101(흑석동)흑석동
258,동작구,현대오일뱅크㈜직영동작주유소,서울특별시 동작구 상도로 403(상도동),상도동,서울특별시 동작구 상도로 403(상도동)상도동
259,동작구,㈜성림에너지 남성주유소,서울특별시 동작구 동작대로 135(사당동),사당동,서울특별시 동작구 동작대로 135(사당동)사당동
260,동작구,살피재주유소,서울특별시 동작구 상도로 334(상도동),상도동,서울특별시 동작구 상도로 334(상도동)상도동
261,동작구,매일주유소,서울특별시 동작구 상도로 139(상도동),상도동,서울특별시 동작구 상도로 139(상도동)상도동
262,동작구,GS칼텍스㈜ 대방주유소,서울특별시 동작구 여의대방로 214(대방동),대방동,서울특별시 동작구 여의대방로 214(대방동)대방동
263,동작구,㈜창원이엔지,서울특별시 동작구 사당로 59(상도동),상도동,서울특별시 동작구 사당로 59(상도동)상도동
264,관악구,서일석유㈜락성주유소,서울특별시 관악구 남부순환로 1920 (인헌동 1659-1),봉천동,서울특별시 관악구 남부순환로 1920 (인헌동 1659-1)봉천동
265,관악구,한규상사 유정주유소,서울특별시 관악구 남부순환로 1691 (은천동 948-17),봉천동,서울특별시 관악구 남부순환로 1691 (은천동 948-17)봉천동
266,관악구,SK에너지㈜대공원주유소 ,서울특별시 관악구 과천대로 921 (남현동 602-306),남현동,서울특별시 관악구 과천대로 921 (남현동 602-306)남현동
267,관악구,난곡주유소,서울특별시 관악구 난곡로 206 (난곡동 616-1),신림동,서울특별시 관악구 난곡로 206 (난곡동 616-1)신림동
268,관악구,신관주유소,서울특별시 관악구 신림로 290 (서원동 1641-58),신림동,서울특별시 관악구 신림로 290 (서원동 1641-58)신림동
269,관악구,현대주유소,서울특별시 관악구 난곡로 108 (난향동 666-14),신림동,서울특별시 관악구 난곡로 108 (난향동 666-14)신림동
270,관악구,시몬주유소,서울특별시 관악구 남부순환로 1753 (은천동 912-15),봉천동,서울특별시 관악구 남부순환로 1753 (은천동 912-15)봉천동
271,관악구,문성골주유소,서울특별시 관악구 문성로 97 (미성동 1477-5),신림동,서울특별시 관악구 문성로 97 (미성동 1477-5)신림동
272,관악구,행운주유소,서울특별시 관악구 남부순환로 1883 (행운동 1679-30),봉천동,서울특별시 관악구 남부순환로 1883 (행운동 1679-30)봉천동
273,관악구,㈜엠오티이엔지직영삼화주유소,서울특별시 관악구 보라매로 41 (보라매동 726-10),봉천동,서울특별시 관악구 보라매로 41 (보라매동 726-10)봉천동
274,관악구,현대오일뱅크㈜직영관악셀프주유소,서울특별시 관악구 남부순환로 1520 (미성동 1571-8),신림동,서울특별시 관악구 남부순환로 1520 (미성동 1571-8)신림동
275,관악구,유림주유소,서울특별시 관악구 신림로 176 (서림동 112-47),신림동,서울특별시 관악구 신림로 176 (서림동 112-47)신림동
276,관악구,씨제이대한통운(주),서울특별시 관악구 남부순환로 1515 (신사동 507-24),신림동,서울특별시 관악구 남부순환로 1515 (신사동 507-24)신림동
277,관악구,SK에너지㈜ 신봉천주유소,서울특별시 관악구 남부순환로 1880 (낙성대동 1663-11),봉천동,서울특별시 관악구 남부순환로 1880 (낙성대동 1663-11)봉천동
278,관악구,대양석유㈜보라매주유소,서울특별시 관악구 보라매로 26 (보라매동 729-4),봉천동,서울특별시 관악구 보라매로 26 (보라매동 729-4)봉천동
279,강동구,지에스칼텍스(주) 신월주유소,서울특별시 강동구 양재대로 1323,성내동,서울특별시 강동구 양재대로 1323성내동
280,강동구,대성석유㈜ 길동주유소,서울특별시 강동구 천호대로 1168,둔촌동,서울특별시 강동구 천호대로 1168둔촌동
281,강동구,지에스칼텍스(주) 동서울주유소,서울특별시 강동구 천호대로 1456,상일동,서울특별시 강동구 천호대로 1456상일동
282,강동구,광성주유소,서울특별시 강동구 올림픽로 673,천호동,서울특별시 강동구 올림픽로 673천호동
283,강동구,㈜삼표에너지 고덕주유소,서울특별시 강동구 고덕로 39,암사동,서울특별시 강동구 고덕로 39암사동
284,강동구,재건에너지 재정제2주유소 고속셀프지점,서울특별시 강동구 천호대로 1246,둔촌동,서울특별시 강동구 천호대로 1246둔촌동
285,강동구,㈜소모에너지앤 성내주유소,서울특별시 강동구 올림픽로 578,성내동,서울특별시 강동구 올림픽로 578성내동
286,강동구,현대오일뱅크㈜직영 명일셀프주유소,서울특별시 강동구 고덕로 168,명일동,서울특별시 강동구 고덕로 168명일동
287,강동구,천호 현대주유소,서울특별시 강동구 천중로 67,천호동,서울특별시 강동구 천중로 67천호동
288,강동구,㈜지유에너지 직영오렌지주유소,서울특별시 강동구 성안로 102,성내동,서울특별시 강동구 성안로 102성내동
289,강동구,구천면주유소,서울특별시 강동구 구천면로 357,암사동,서울특별시 강동구 구천면로 357암사동
290,강동구,구도일주유소 코알라,서울특별시 강동구 올림픽로 556,성내동,서울특별시 강동구 올림픽로 556성내동
291,강동구,방아다리주유소,서울특별시 강동구 동남로 811,명일동,서울특별시 강동구 동남로 811명일동
292,강동구,해뜨는주유소,서울특별시 강동구 상일로 132,강일동,서울특별시 강동구 상일로 132강일동
293,금천구,㈜화동유업,서울특별시 금천구 시흥대로 484 (독산동),독산동,서울특별시 금천구 시흥대로 484 (독산동)독산동
294,금천구,SK에너지㈜  박미주유소,서울특별시 금천구 시흥대로 39-7 (시흥동),시흥동,서울특별시 금천구 시흥대로 39-7 (시흥동)시흥동
295,금천구,지에스칼텍스(주) 일신주유소,서울특별시 금천구 시흥대로 118 (시흥동),시흥동,서울특별시 금천구 시흥대로 118 (시흥동)시흥동
296,금천구,현대오일뱅크(주)직영 금천제일주유소,서울특별시 금천구 남부순환로 1410 (독산동),독산동,서울특별시 금천구 남부순환로 1410 (독산동)독산동
297,금천구,(주)진우에너지 백운주유소,서울특별시 금천구 시흥대로 282 (독산동),독산동,서울특별시 금천구 시흥대로 282 (독산동)독산동
298,금천구,백산주유소,서울특별시 금천구 시흥대로 174 (시흥동),시흥동,서울특별시 금천구 시흥대로 174 (시흥동)시흥동
299,금천구,주식회사 명보에너지,서울특별시 금천구 시흥대로 377 (독산동),독산동,서울특별시 금천구 시흥대로 377 (독산동)독산동
300,금천구,SK에너지㈜ 이가주유소,서울특별시 금천구 시흥대로 441 (독산동),독산동,서울특별시 금천구 시흥대로 441 (독산동)독산동
301,금천구,동광석유㈜  구광주유소,서울특별시 금천구 서부샛길 674 (가산동),가산동,서울특별시 금천구 서부샛길 674 (가산동)가산동
302,금천구,현대오일뱅크(주)직영 금천현대셀프주유소,서울특별시 금천구 독산로 147 (시흥동),시흥동,서울특별시 금천구 독산로 147 (시흥동)시흥동
303,금천구,대득에너지(금천셀프주유소),서울특별시 금천구 시흥대로 81 (시흥동),시흥동,서울특별시 금천구 시흥대로 81 (시흥동)시흥동
304,금천구,남서울(경복에너지),서울특별시 금천구 독산로 257 (독산동),독산동,서울특별시 금천구 독산로 257 (독산동)독산동
305,중랑구,구도일주유소 동천,서울특별시 중랑구 동일로 654(면목동),면목동,서울특별시 중랑구 동일로 654(면목동)면목동
306,중랑구,㈜자연에너지 대창주유소,서울특별시 중랑구 동일로 636(면목동),면목동,서울특별시 중랑구 동일로 636(면목동)면목동
307,중랑구,대원주유소,서울특별시 중랑구 동일로 600(면목동),면목동,서울특별시 중랑구 동일로 600(면목동)면목동
308,중랑구,오천만주유소,서울특별시 중랑구 동일로 547(면목동),면목동,서울특별시 중랑구 동일로 547(면목동)면목동
309,중랑구,면목self주유소,서울특별시 중랑구 동일로 627(면목동),면목동,서울특별시 중랑구 동일로 627(면목동)면목동
310,중랑구,용마로주유소,서울특별시 중랑구 용마산로 309(면목동),면목동,서울특별시 중랑구 용마산로 309(면목동)면목동
311,중랑구,대양주유소,서울특별시 중랑구 봉우재로 105(상봉동),상봉동,서울특별시 중랑구 봉우재로 105(상봉동)상봉동
312,중랑구,㈜태영 구도일주유소 한인,서울특별시 중랑구 망우로 170(상봉동),상봉동,서울특별시 중랑구 망우로 170(상봉동)상봉동
313,중랑구,현대오일뱅크㈜ 중랑교주유소 ,서울특별시 중랑구 망우로 229(중화동),중화동,서울특별시 중랑구 망우로 229(중화동)중화동
314,중랑구,범아주유소,서울특별시 중랑구 동일로 881(묵동),묵동,서울특별시 중랑구 동일로 881(묵동)묵동
315,중랑구,지에스칼텍스㈜ 소망주유소,서울특별시 중랑구 망우로 475(망우동),망우동,서울특별시 중랑구 망우로 475(망우동)망우동
316,중랑구,우림주유소,서울특별시 중랑구 용마산로 487(망우동),망우동,서울특별시 중랑구 용마산로 487(망우동)망우동
317,중랑구,(주)기지에너지,서울특별시 중랑구 용마산로 716(신내동),신내동,서울특별시 중랑구 용마산로 716(신내동)신내동
318,중랑구,신내주유소,서울특별시 중랑구 용마산로 705(신내동),신내동,서울특별시 중랑구 용마산로 705(신내동)신내동
319,중랑구,신일주유소,서울특별시 중랑구상봉로 58(망우동),망우동,서울특별시 중랑구상봉로 58(망우동)망우동
320,송파구,진양주유소,서울특별시 송파구 올림픽로 499(풍납동),풍납동,서울특별시 송파구 올림픽로 499(풍납동)풍납동
321,송파구,선우상사 삼전주유소 (셀프),서울특별시 송파구 백제고분로 199(삼전동),삼전동,서울특별시 송파구 백제고분로 199(삼전동)삼전동
322,송파구,잠실주유소 (셀프),서울특별시 송파구 송파대로 442(송파동),송파동,서울특별시 송파구 송파대로 442(송파동)송파동
323,송파구,아시아주유소 (셀프),서울특별시 송파구 도곡로 438(잠실동),잠실동,서울특별시 송파구 도곡로 438(잠실동)잠실동
324,송파구,(주)남경석유 세영주유소,서울특별시 송파구 동남로 298(오금동),오금동,서울특별시 송파구 동남로 298(오금동)오금동
325,송파구,거여셀프주유소 (셀프),서울특별시 송파구 거마로 5(거여동),거여동,서울특별시 송파구 거마로 5(거여동)거여동
326,송파구,올림픽셀프주유소 (셀프),서울특별시 송파구 위례성대로 188(오금동),오금동,서울특별시 송파구 위례성대로 188(오금동)오금동
327,송파구,석촌주유소 (셀프),서울특별시 송파구 백제고분로 289 (석촌동),석촌동,서울특별시 송파구 백제고분로 289 (석촌동)석촌동
328,송파구,상아주유소 (셀프),서울특별시 송파구 거마로 82(마천동),마천동,서울특별시 송파구 거마로 82(마천동)마천동
329,송파구,서울주유소,서울특별시 송파구 문정로 153(가락동),가락동,서울특별시 송파구 문정로 153(가락동)가락동
330,송파구,대성주유소,서울특별시 송파구 마천로 230(마천동),마천동,서울특별시 송파구 마천로 230(마천동)마천동
331,송파구,삼화셀프주유소 (셀프),서울특별시 송파구 백제고분로 125(잠실동),잠실동,서울특별시 송파구 백제고분로 125(잠실동)잠실동
332,송파구,제트라인디엠주유소,서울특별시 송파구 중대로 183(가락동),가락동,서울특별시 송파구 중대로 183(가락동)가락동
333,송파구,잠실셀프주유소 (셀프),서울특별시 송파구 송파대로 397(석촌동),석촌동,서울특별시 송파구 송파대로 397(석촌동)석촌동
334,송파구,정직한 주유소 (셀프),서울특별시 송파구 오금로 455(거여동),거여동,서울특별시 송파구 오금로 455(거여동)거여동
335,송파구,방이주유소,서울특별시 송파구 위례성대로12길 38(방이동),방이동,서울특별시 송파구 위례성대로12길 38(방이동)방이동
336,송파구,송파주유소 (셀프),서울특별시 송파구 송이로 28(송파동),송파동,서울특별시 송파구 송이로 28(송파동)송파동
337,송파구,가락로주유소 (셀프),서울특별시 송파구 가락로 47(석촌동),석촌동,서울특별시 송파구 가락로 47(석촌동)석촌동
338,송파구,서원주유소,서울특별시 송파구 중대로 154(가락동),가락동,서울특별시 송파구 중대로 154(가락동)가락동
339,송파구,백제고분로주유소 (셀프),서울특별시 송파구 오금로 143(방이동),방이동,서울특별시 송파구 오금로 143(방이동)방이동
340,송파구,남성주유소,서울특별시 송파구 백제고분로 474(방이동),방이동,서울특별시 송파구 백제고분로 474(방이동)방이동
341,송파구,송파제일주유소 (셀프),서울특별시 송파구 삼학사로 50(석촌동),석촌동,서울특별시 송파구 삼학사로 50(석촌동)석촌동
342,송파구,퍼스트주유소 (셀프),서울특별시 송파구 삼학사로 22(석촌동),석촌동,서울특별시 송파구 삼학사로 22(석촌동)석촌동
343,송파구,송파알찬주유소 (셀프),서울특별시 송파구 백제고분로 229(삼전동),삼전동,서울특별시 송파구 백제고분로 229(삼전동)삼전동
344,송파구,훼미리주유소,서울특별시 송파구 중대로 58(문정동),문정동,서울특별시 송파구 중대로 58(문정동)문정동
345,송파구,우리주유소,서울특별시 송파구 동남로 153(가락동),가락동,서울특별시 송파구 동남로 153(가락동)가락동
346,송파구,(주)유진주유소,서울특별시 송파구 동남로 325(오금동),오금동,서울특별시 송파구 동남로 325(오금동)오금동
347,송파구,남성대주유소(셀프),서울특별시 송파구 송파대로 52(장지동),장지동,서울특별시 송파구 송파대로 52(장지동)장지동
348,송파구,완불주유소(셀프),서울특별시 송파구 송파대로 3(장지동),장지동,서울특별시 송파구 송파대로 3(장지동)장지동
349,송파구,가든파이브주유소(셀프),서울특별시 송파구 탄천동로 740(장지동),장지동,서울특별시 송파구 탄천동로 740(장지동)장지동
350,송파구,스마트위례주유소(셀프),서울특별시 송파구 위례중앙로 43(장지동),장지동,서울특별시 송파구 위례중앙로 43(장지동)장지동
351,송파구,위례제일주유소(셀프),서울특별시 송파구 위례서로 260(거여동),거여동,서울특별시 송파구 위례서로 260(거여동)거여동
352,송파구,위례드림주유소(셀프),서울특별시 송파구 위례중앙로10(장지동),장지동,서울특별시 송파구 위례중앙로10(장지동)장지동
353,중구,세화주유소,서울특별시 중구 왕십리로 403 (신당동),신당동,서울특별시 중구 왕십리로 403 (신당동)신당동
354,중구,씨앤에스유통(주) 장충드림주유소,서울특별시 중구 동호로 296 (장충동2가),장충동2가,서울특별시 중구 동호로 296 (장충동2가)장충동2가
355,중구,약수주유소,서울특별시 중구 다산로 173 (신당동),신당동,서울특별시 중구 다산로 173 (신당동)신당동
356,중구,신당동주유소,서울특별시 중구 다산로 242 (신당동),신당동,서울특별시 중구 다산로 242 (신당동)신당동
357,중구,주식회사 타이거통상 다산주유소,서울특별시 중구 다산로 233 (무학동),무학동,서울특별시 중구 다산로 233 (무학동)무학동
358,중구,서남주유소,서울특별시 중구 통일로 30 (봉래동1가),봉래동1가,서울특별시 중구 통일로 30 (봉래동1가)봉래동1가
359,중구,필동주유소,서울특별시 중구 퇴계로 196 (필동2가),필동2가,서울특별시 중구 퇴계로 196 (필동2가)필동2가
360,중구,지에스칼텍스(주) 직영 역전점,서울특별시 중구 퇴계로 15 (남대문로5가),남대문로5가,서울특별시 중구 퇴계로 15 (남대문로5가)남대문로5가
361,중구,현대오일뱅크(주) 직영장원주유소,서울특별시 중구 동호로 203 (신당동),신당동,서울특별시 중구 동호로 203 (신당동)신당동
362,중구,서울석유(주) 장충주유소,서울특별시 중구 장충단로 202 (장충동1가),장충동1가,서울특별시 중구 장충단로 202 (장충동1가)장충동1가
363,중구,SK에너지 직영 퇴계로주유소,서울특별시 중구 퇴계로 228 (필동2가),필동2가,서울특별시 중구 퇴계로 228 (필동2가)필동2가
364,종로구,현대오일뱅크㈜직영 재동주유소,서울특별시 종로구 율곡로 58(경운동),경운동,서울특별시 종로구 율곡로 58(경운동)경운동
365,종로구,주식회사 대양씨앤씨,서울특별시 종로구 사직로 65(사직동),사직동,서울특별시 종로구 사직로 65(사직동)사직동
366,종로구,주식회사 대양씨앤씨 경복궁주유소,서울특별시 종로구 율곡로 6(중학동),중학동,서울특별시 종로구 율곡로 6(중학동)중학동
367,종로구,㈜중앙에너비스 혜화지점,서울특별시 종로구 창경궁로35길 1(혜화동)  ,혜화동,서울특별시 종로구 창경궁로35길 1(혜화동)  혜화동
368,종로구,SK북악주유소,서울특별시 종로구 평창문화로137(평창동)    ,평창동,서울특별시 종로구 평창문화로137(평창동)    평창동
369,종로구,안풍주유소,서울특별시 종로구 자하문로 303(홍지동) ,홍지동,서울특별시 종로구 자하문로 303(홍지동) 홍지동
370,종로구,자하문주유소,서울특별시 종로구 자하문로 248(부암동),부암동,서울특별시 종로구 자하문로 248(부암동)부암동
371,종로구,㈜지에스이앤알 평창주유소,서울특별시 종로구 평창문화로 135(평창동)  ,평창동,서울특별시 종로구 평창문화로 135(평창동)  평창동
372,종로구,구도일주유소 특종,서울특별시 종로구 평창문화로 90(평창동)     ,평창동,서울특별시 종로구 평창문화로 90(평창동)     평창동
373,서초구,(주)홈런주유소,서울특별시 서초구 양재대로2길 100-30 (우면동),우면동,서울특별시 서초구 양재대로2길 100-30 (우면동)우면동
374,서초구,서초주유소,서울특별시 서초구 반포대로 64 (서초동),서초동,서울특별시 서초구 반포대로 64 (서초동)서초동
375,서초구,한독주유소,서울특별시 서초구 방배로 214 (방배동),방배동,서울특별시 서초구 방배로 214 (방배동)방배동
376,서초구,반포그린주유소,서울특별시 서초구 서초중앙로 239 (반포동),반포동,서울특별시 서초구 서초중앙로 239 (반포동)반포동
377,서초구,지에스칼텍스(주)헌릉로주유소,서울특별시 서초구 헌릉로 177 (내곡동),내곡동,서울특별시 서초구 헌릉로 177 (내곡동)내곡동
378,서초구,(주)대농석유 남태령주유소,서울특별시 서초구 과천대로 838 (방배동),방배동,서울특별시 서초구 과천대로 838 (방배동)방배동
379,서초구,지에스칼텍스(주)내곡주유소,서울특별시 서초구 헌릉로 210 (내곡동),내곡동,서울특별시 서초구 헌릉로 210 (내곡동)내곡동
380,서초구,대성석유(주)연일주유소,서울특별시 서초구 남부순환로 2451 (서초동),서초동,서울특별시 서초구 남부순환로 2451 (서초동)서초동
381,서초구,현대오일뱅크(주)직영사평로주유소,서울특별시 서초구 사평대로 350 (서초동),서초동,서울특별시 서초구 사평대로 350 (서초동)서초동
382,서초구,에쓰-오일(주)오토테크주유소,서울특별시 서초구 효령로 356 (서초동),서초동,서울특별시 서초구 효령로 356 (서초동)서초동
383,서초구,지에스칼텍스(주) 선천주유소,서울특별시 서초구 동작대로 206 (방배동),방배동,서울특별시 서초구 동작대로 206 (방배동)방배동
384,서초구,크로바주유소,서울특별시 서초구 효령로 327 (서초동),서초동,서울특별시 서초구 효령로 327 (서초동)서초동
385,서초구,태건석유(주)양재최고주유소,서울특별시 서초구 매헌로 72 (양재동),양재동,서울특별시 서초구 매헌로 72 (양재동)양재동
386,서초구,방배동주유소,서울특별시 서초구 효령로 29 (방배동),방배동,서울특별시 서초구 효령로 29 (방배동)방배동
387,서초구,현대오일뱅크(주) 직영방배현대주유소,서울특별시 서초구 동작대로 182 (방배동),방배동,서울특별시 서초구 동작대로 182 (방배동)방배동
388,서초구,서초꽃마을주유소,서울특별시 서초구 반포대로 69 (서초동),서초동,서울특별시 서초구 반포대로 69 (서초동)서초동
389,서초구,극동유화(주) 전당앞주유소,서울특별시 서초구 남부순환로 2391 (서초동),서초동,서울특별시 서초구 남부순환로 2391 (서초동)서초동
390,서초구,현대오일뱅크(주)직영양재현대주유소,서울특별시 서초구 마방로 6 (양재동),양재동,서울특별시 서초구 마방로 6 (양재동)양재동
391,서초구,현대오일뱅크(주) 팔레스주유소,서울특별시 서초구 사평대로 136 (반포동),반포동,서울특별시 서초구 사평대로 136 (반포동)반포동
392,서초구,중앙주유소,서울특별시 서초구 바우뫼로 219 (양재동),양재동,서울특별시 서초구 바우뫼로 219 (양재동)양재동
393,서초구,말죽거리주유소,서울특별시 서초구 남부순환로 2650 (양재동),양재동,서울특별시 서초구 남부순환로 2650 (양재동)양재동
394,서초구,선우상사 Q엔느,서울특별시 서초구 방배로 66 (방배동),방배동,서울특별시 서초구 방배로 66 (방배동)방배동
395,서초구,(주)에이치앤디이 서울만남의광장주유소,서울특별시 서초구 양재대로12길 73-71 (원지동),원지동,서울특별시 서초구 양재대로12길 73-71 (원지동)원지동
396,서초구,현대오일뱅크(주)직영서초제일주유소,서울특별시 서초구 사임당로 116 (서초동),서초동,서울특별시 서초구 사임당로 116 (서초동)서초동
397,서초구,서울석유(주)양재주유소,서울특별시 서초구 바우뫼로 178 (양재동),양재동,서울특별시 서초구 바우뫼로 178 (양재동)양재동
398,서초구,태봉주유소,서울특별시 서초구 태봉로 117 (우면동),우면동,서울특별시 서초구 태봉로 117 (우면동)우면동
399,서초구,대신석유(주) 대우주유소,서울특별시 서초구 양재대로 173 (양재동),양재동,서울특별시 서초구 양재대로 173 (양재동)양재동
400,서초구,지에스칼텍스(주)남서울주유소,서울특별시 서초구 나루터로 83 (잠원동),잠원동,서울특별시 서초구 나루터로 83 (잠원동)잠원동
401,서초구,대신석유(주) 서원주유소,서울특별시 서초구 반포대로 142 (서초동),서초동,서울특별시 서초구 반포대로 142 (서초동)서초동
402,서초구,신반포주유소,서울특별시 서초구 사평대로 94 (반포동),반포동,서울특별시 서초구 사평대로 94 (반포동)반포동
403,서초구,에너지플러스 허브 삼방,서울특별시 서초구 사평대로 364 (서초동),서초동,서울특별시 서초구 사평대로 364 (서초동)서초동
404,서초구,대성산업(주)강남주유소,서울특별시 서초구 반포대로 284 (반포동),반포동,서울특별시 서초구 반포대로 284 (반포동)반포동
405,서초구,대성산업(주)터미널주유소,서울특별시 서초구 신반포로 222 (반포동),반포동,서울특별시 서초구 신반포로 222 (반포동)반포동
406,노원구,상계동주유소,서울특별시 노원구 노원로26길 191(상계동),상계동,서울특별시 노원구 노원로26길 191(상계동)상계동
407,노원구,한신주유소,서울특별시 노원구 동일로 1089(공릉동),공릉동,서울특별시 노원구 동일로 1089(공릉동)공릉동
408,노원구,월계주유소,서울특별시 노원구 월계로 252(월계동),월계동,서울특별시 노원구 월계로 252(월계동)월계동
409,노원구,현대오일뱅크㈜ 직영 하계주유소,서울특별시 노원구 노원로17길 29(하계동),하계동,서울특별시 노원구 노원로17길 29(하계동)하계동
410,노원구,신성주유소,서울특별시 노원구 월계로 328(월계동),월계동,서울특별시 노원구 월계로 328(월계동)월계동
411,노원구,노원주유소,서울특별시 노원구 동일로 1008(공릉동),공릉동,서울특별시 노원구 동일로 1008(공릉동)공릉동
412,노원구,남선석유㈜ 구도일주유소 불암,서울특별시 노원구 한글비석로 268(중계동),중계동,서울특별시 노원구 한글비석로 268(중계동)중계동
413,노원구,SK에너지㈜직영상계주유소,서울특별시 노원구 노해로 527(상계동),상계동,서울특별시 노원구 노해로 527(상계동)상계동
414,노원구,성북역주유소,서울특별시 노원구 광운로 95(월계동),월계동,서울특별시 노원구 광운로 95(월계동)월계동
415,노원구,하계삼호주유소,서울특별시 노원구 공릉로 294(하계동),하계동,서울특별시 노원구 공릉로 294(하계동)하계동
416,노원구,㈜소모에너지 수락산셀프주유소,서울특별시 노원구 동일로 1772(상계동),상계동,서울특별시 노원구 동일로 1772(상계동)상계동
417,노원구,삼육주유소,서울특별시 노원구 화랑로 822(공릉동),공릉동,서울특별시 노원구 화랑로 822(공릉동)공릉동
418,노원구,㈜이엠석유 배꽃나라주유소,서울특별시 노원구 화랑로 466(공릉동),공릉동,서울특별시 노원구 화랑로 466(공릉동)공릉동
419,노원구,화랑대주유소,서울특별시 노원구 화랑로 483(공릉동),공릉동,서울특별시 노원구 화랑로 483(공릉동)공릉동
420,노원구,유한책임회사동하석유 태릉솔밭지점,서울특별시 노원구 노원로 49(공릉동),공릉동,서울특별시 노원구 노원로 49(공릉동)공릉동
421,강남구,현대오일뱅크㈜직영 삼성동주유소,서울특별시 강남구 테헤란로 619(삼성동),삼성동,서울특별시 강남구 테헤란로 619(삼성동)삼성동
422,강남구,대성석유㈜동호주유소,서울특별시 강남구 봉은사로113길 51(삼성동),삼성동,서울특별시 강남구 봉은사로113길 51(삼성동)삼성동
423,강남구,(주)새서울주유소,서울특별시 강남구 압구정로 154 (신사동),신사동,서울특별시 강남구 압구정로 154 (신사동)신사동
424,강남구,SK에너지㈜ 진달래주유소,서울특별시 강남구 도곡로 208(도곡동),도곡동,서울특별시 강남구 도곡로 208(도곡동)도곡동
425,강남구,현대오일뱅크㈜직영 한양주유소,서울특별시 강남구 압구정로 302(신사동),신사동,서울특별시 강남구 압구정로 302(신사동)신사동
426,강남구,에스제이에너지산업(주)개포주유소,서울특별시 강남구 양재대로 339(개포동),개포동,서울특별시 강남구 양재대로 339(개포동)개포동
427,강남구,㈜에스에스모터스 논현주유소 지점,서울특별시 강남구 논현로 747 (논현동),논현동,서울특별시 강남구 논현로 747 (논현동)논현동
428,강남구,일원주유소,서울특별시 강남구 양재대로55길 3(일원동),일원동,서울특별시 강남구 양재대로55길 3(일원동)일원동
429,강남구,대동석유 압구정주유소,서울특별시 강남구 언주로 842(신사동),신사동,서울특별시 강남구 언주로 842(신사동)신사동
430,강남구,현대오일뱅크 JJ네트웍스 JJ주유소,서울특별시 강남구 언주로 716(논현동),논현동,서울특별시 강남구 언주로 716(논현동)논현동
431,강남구,에너지플러스 허브 GS타워,서울특별시 강남구 논현로 516 (역삼동),역삼동,서울특별시 강남구 논현로 516 (역삼동)역삼동
432,강남구,에쓰-오일(주)개나리주유소,서울특별시 강남구 언주로 423(역삼동),역삼동,서울특별시 강남구 언주로 423(역삼동)역삼동
433,강남구,서광주유소,서울특별시 강남구  역삼로 142(역삼동),역삼동,서울특별시 강남구  역삼로 142(역삼동)역삼동
434,강남구,대청주유소,서울특별시 강남구 개포로 654(일원동) ,역삼동,서울특별시 강남구 개포로 654(일원동) 역삼동
435,강남구,㈜선진주유소,서울특별시 강남구 도곡로 162 (도곡동),도곡동,서울특별시 강남구 도곡로 162 (도곡동)도곡동
436,강남구,현대오일뱅크㈜직영 도곡셀프주유소,서울특별시 강남구 남부순환로 2718 (도곡동),도곡동,서울특별시 강남구 남부순환로 2718 (도곡동)도곡동
437,강남구,㈜보성 세곡주유소,서울특별시 강남구 헌릉로 731 (세곡동),세곡동,서울특별시 강남구 헌릉로 731 (세곡동)세곡동
438,강남구,SK네트웍스㈜ 매봉주유소,서울특별시 강남구  언주로 307(역삼동),역삼동,서울특별시 강남구  언주로 307(역삼동)역삼동
439,강남구,갤러리아주유소,서울특별시 강남구 압구정로 426(청담동),청담동,서울특별시 강남구 압구정로 426(청담동)청담동
440,강남구,지에스칼텍스㈜ 주성주유소,서울특별시 강남구 영동대로 716 (청담동),청담동,서울특별시 강남구 영동대로 716 (청담동)청담동
441,강남구,주식회사 만정에너지,서울특별시 강남구 봉은사로 433(삼성동),삼성동,서울특별시 강남구 봉은사로 433(삼성동)삼성동
442,강남구,유한책임회사 동하석유 (힐탑주유소),서울특별시 강남구 논현로 640 (논현동),논현동,서울특별시 강남구 논현로 640 (논현동)논현동
443,강남구,대교주유소,서울특별시 강남구 강남대로 640 (신사동),신사동,서울특별시 강남구 강남대로 640 (신사동)신사동
444,강남구,현대오일뱅크㈜직영 신사현대주유소,서울특별시 강남구 도산대로 163(신사동),신사동,서울특별시 강남구 도산대로 163(신사동)신사동
445,강남구,지에스칼텍스㈜ 은마주유소,서울특별시 강남구 영동대로 235(대치동),대치동,서울특별시 강남구 영동대로 235(대치동)대치동
446,강남구,현대오일뱅크㈜ 산성셀프주유소,서울특별시 강남구 헌릉로 730(세곡동),세곡동,서울특별시 강남구 헌릉로 730(세곡동)세곡동
447,강남구,현대오일뱅크㈜ 직영 유진주유소,서울특별시 강남구 논현로 152 (도곡동),도곡동,서울특별시 강남구 논현로 152 (도곡동)도곡동
448,강남구,오일프러스 셀프주유소,서울특별시 강남구 남부순환로 2651 (도곡동),도곡동,서울특별시 강남구 남부순환로 2651 (도곡동)도곡동
449,강남구,㈜잠실에너지 명품주유소,서울특별시 강남구 도곡로 249(역삼동),역삼동,서울특별시 강남구 도곡로 249(역삼동)역삼동
450,강남구,자곡셀프주유소,서울특별시 강남구 밤고개로 120 (자곡동),자곡동,서울특별시 강남구 밤고개로 120 (자곡동)자곡동
451,강남구,㈜중앙에너비스 수서지점,서울특별시 강남구 광평로 202 (수서동),수서동,서울특별시 강남구 광평로 202 (수서동)수서동
452,강남구,방죽주유소,서울특별시 강남구 밤고개로 215(자곡동),자곡동,서울특별시 강남구 밤고개로 215(자곡동)자곡동
453,강남구,㈜소모에너지엔테크놀러지 쎈트럴주유소 ,서울특별시 강남구 삼성로 335(대치동),대치동,서울특별시 강남구 삼성로 335(대치동)대치동
454,강남구,㈜비자인터내셔날학여울주유소,서울특별시 강남구 남부순환로 3170(대치동),대치동,서울특별시 강남구 남부순환로 3170(대치동)대치동
455,강남구,지에스칼텍스㈜ 삼성로주유소,서울특별시 강남구 삼성로 563 (삼성동),삼성동,서울특별시 강남구 삼성로 563 (삼성동)삼성동
456,도봉구,한이에너지㈜ 쌍문주유소,서울특별시 도봉구 도봉로 547 (쌍문동),쌍문동,서울특별시 도봉구 도봉로 547 (쌍문동)쌍문동
457,도봉구,정다운주유소,서울특별시 도봉구 도봉로 635 (쌍문동),쌍문동,서울특별시 도봉구 도봉로 635 (쌍문동)쌍문동
458,도봉구,삼미상사㈜ 북부주유소,서울특별시 도봉구 도봉로 437 (쌍문동),쌍문동,서울특별시 도봉구 도봉로 437 (쌍문동)쌍문동
459,도봉구,현대오일뱅크(주)직영 쌍문셀프주유소,서울특별시 도봉구 노해로 161 (쌍문동),쌍문동,서울특별시 도봉구 노해로 161 (쌍문동)쌍문동
460,도봉구,현대오일뱅크㈜직영 영신주유소,서울특별시 도봉구 방학로 151 (방학동),방학동,서울특별시 도봉구 방학로 151 (방학동)방학동
461,도봉구,㈜자연에너지 햇살주유소,서울특별시 도봉구 방학로 142 (방학동),방학동,서울특별시 도봉구 방학로 142 (방학동)방학동
462,도봉구,구도일주유소 도봉,서울특별시 도봉구 도봉로 706 (방학동),방학동,서울특별시 도봉구 도봉로 706 (방학동)방학동
463,도봉구,GS칼텍스㈜ 방학동주유소,서울특별시 도봉구 방학로 186 (방학동),방학동,서울특별시 도봉구 방학로 186 (방학동)방학동
464,도봉구,구도일주유소 파크빌,서울특별시 도봉구 해등로3길 86 (창동),창동,서울특별시 도봉구 해등로3길 86 (창동)창동
465,도봉구,대성산업㈜ 신창주유소,서울특별시 도봉구 덕릉로 267 (창동),창동,서울특별시 도봉구 덕릉로 267 (창동)창동
466,도봉구,동일석유㈜ 창동주유소,서울특별시 도봉구 도봉로 434 (창동),창동,서울특별시 도봉구 도봉로 434 (창동)창동
467,도봉구,극동유화㈜ 대안주유소,서울특별시 도봉구 마들로 574 (창동),창동,서울특별시 도봉구 마들로 574 (창동)창동
468,도봉구,한이에너지㈜ KLP제1주유소,서울특별시 도봉구 도봉로 596 (창동),창동,서울특별시 도봉구 도봉로 596 (창동)창동
469,도봉구,현대오일뱅크㈜직영 도봉현대셀프주유소,서울특별시 도봉구 도봉로 941 (도봉동),도봉동,서울특별시 도봉구 도봉로 941 (도봉동)도봉동
470,도봉구,GS칼텍스㈜ 도봉주유소,서울특별시 도봉구 도봉로 895 (도봉동),도봉동,서울특별시 도봉구 도봉로 895 (도봉동)도봉동
471,도봉구,(주)송만에너지 도봉제일주유소,서울특별시 도봉구 도봉로 783 (도봉동),도봉동,서울특별시 도봉구 도봉로 783 (도봉동)도봉동
472,도봉구,노원교주유소,서울특별시 도봉구 마들로 776 (도봉동),도봉동,서울특별시 도봉구 마들로 776 (도봉동)도봉동
473,도봉구,오복주유소,서울특별시 도봉구 방학로 43 (방학동),방학동,서울특별시 도봉구 방학로 43 (방학동)방학동
